"period";"profile";"avgDegree";"avgIndegree";"avgOutdegree";"avgBetweenness";"avgPagerank";"avgEigenvector";"avgInteractions"
"1";"4";"2,0000";"1,0000";"1,0000";"0,3333333333333333";"0,19455727880658438";"0,6633663366336634";"2,0000"
"2";"4";"2,0000";"1,0000";"1,0000";"0,3333333333333333";"0,19455727880658438";"0,6633663366336634";"2,0000"
"3";"4";"2,0000";"1,0000";"1,0000";"0,3333333333333333";"0,19455727880658438";"0,6633663366336634";"2,0000"
"4";"4";"2,0000";"1,0000";"1,0000";"0,3333333333333333";"0,19455727880658438";"0,6633663366336634";"2,0000"
"5";"4";"2,0000";"1,0000";"1,0000";"0,3333333333333333";"0,19455727880658438";"0,6633663366336634";"2,0000"
"6";"3";"1,7500";"1,0833";"0,6667";"11,828589466089467";"0,004781369031217509";"0,07491941564732234";"2,4167"
"6";"4";"6,5769";"3,2564";"3,3205";"112,84688367188363";"0,008173525184919987";"0,17923585577847037";"9,0128"
"7";"3";"1,8621";"0,9310";"0,9310";"6,6654402614928925";"0,00206686737311695";"0,034418913093110015";"2,3103"
"7";"4";"9,7280";"4,8640";"4,8640";"219,45361785933372";"0,004973013283232597";"0,15706246829165874";"15,2880"
"8";"2";"2,0000";"1,0000";"1,0000";"0";"0,0017106571190959685";"0,07461052785736362";"2,0000"
"8";"3";"1,7556";"0,9556";"0,8000";"8,76289086047217";"0,0014692370284653477";"0,024579083113634548";"2,0889"
"8";"4";"11,0245";"5,4908";"5,5337";"308,93049025324405";"0,0041477921208740295";"0,1553198648544895";"18,0245"
"9";"2";"1,6667";"0,6667";"1,0000";"0";"0,0011920366766222424";"0,02546095561857122";"2,6667"
"9";"3";"1,7547";"0,8868";"0,8679";"8,795472040495016";"0,0011323152074377175";"0,01847630548937379";"2,0377"
"9";"4";"11,2404";"5,6202";"5,6202";"400,7684614512201";"0,003256574380763866";"0,1118511382739585";"19,0288"
"10";"2";"2,2500";"0,7500";"1,5000";"0,39962121212121215";"0,0008205839782166402";"0,01658926848634395";"3,0000"
"10";"3";"1,9104";"0,9104";"1,0000";"13,0872960885124";"0,0008495530647527229";"0,01657650953280681";"2,1343"
"10";"4";"11,5885";"5,8115";"5,7769";"517,1059718354657";"0,0025244118924150735";"0,09207799780514982";"19,7808"
"11";"2";"3,0000";"1,0000";"2,0000";"0,36758400329828905";"0,000697689393807129";"0,0118725622579676";"4,8571"
"11";"3";"2,0750";"0,9000";"1,1750";"13,63126854921608";"0,0007065243927478577";"0,014286221888218778";"2,3750"
"11";"4";"12,1304";"6,1137";"6,0167";"597,0432288563198";"0,0022359696084130387";"0,08282527205046585";"20,9298"
"12";"2";"3,6923";"1,0000";"2,6923";"1,0615723585502952";"0,000553178950328696";"0,010557404639101955";"5,6154"
"12";"3";"2,2300";"0,9300";"1,3000";"16,97377219482583";"0,0006189504568773502";"0,013328811682340473";"2,5600"
"12";"4";"12,3660";"6,2680";"6,0980";"746,5643295096721";"0,0019035835474303557";"0,07651553365738115";"21,5764"
"13";"2";"3,7143";"1,0000";"2,7143";"0,9082146932130343";"0,000497286006028653";"0,009212396615151506";"5,5000"
"13";"3";"2,2804";"0,9065";"1,3738";"14,555760385019324";"0,0005682666311206017";"0,013008163189652715";"2,6168"
"13";"4";"12,3750";"6,2839";"6,0911";"779,7026526903595";"0,0017465463392273043";"0,07409407263355629";"21,9297"
"14";"2";"3,5263";"0,8947";"2,6316";"0,6072381770461975";"0,00045380383969861865";"0,007415469831819032";"4,9474"
"14";"3";"2,3793";"0,9052";"1,4741";"14,894121386314707";"0,0005149202634654074";"0,01226574939878429";"2,7586"
"14";"4";"12,6580";"6,4466";"6,2114";"861,704856042337";"0,0015999336594537512";"0,0688593794457011";"22,5891"
"15";"2";"3,7333";"0,9667";"2,7667";"8,100468189017732";"0,0003894772792192197";"0,005307091041635689";"5,3000"
"15";"3";"2,5076";"0,9167";"1,5909";"14,987556403670053";"0,0004558955234820902";"0,011186214772393845";"2,9242"
"15";"4";"12,9914";"6,6501";"6,3413";"984,711940624287";"0,0014438653679649514";"0,06231371084907078";"23,2117"
"16";"1";"2,0000";"1,0000";"1,0000";"9,885199240986719";"0,00043510167393575407";"0,003529992614990311";"2,0000"
"16";"2";"3,3684";"0,9737";"2,3947";"22,577303789959775";"0,0003698283908580821";"0,006532409011783462";"4,6842"
"16";"3";"2,5694";"0,9306";"1,6389";"15,179865572079674";"0,0004136814488728813";"0,010678572764461679";"3,0139"
"16";"4";"13,1213";"6,7157";"6,4056";"1086,7560171259672";"0,001311447650501247";"0,060257299322128345";"23,4473"
"17";"1";"2,0000";"1,0000";"1,0000";"7,0235401337568515";"0,000347919334574964";"0,00194273145477637";"2,0000"
"17";"2";"3,2500";"0,9318";"2,3182";"20,657645037208425";"0,0003388177394200479";"0,005761153565760649";"4,4091"
"17";"3";"2,6164";"0,9686";"1,6478";"19,97385992046468";"0,0003905731418998721";"0,010463131522704954";"3,2013"
"17";"4";"13,3440";"6,8308";"6,5132";"1193,509723328462";"0,0012373263925111574";"0,05891037370649";"23,9568"
"18";"1";"2,0000";"1,0000";"1,0000";"5,06298036758563";"0,00032910202174304883";"0,0018616342142233314";"2,0000"
"18";"2";"3,1000";"0,9200";"2,1800";"19,094477296303822";"0,0003214226684068925";"0,006125398389335314";"4,1600"
"18";"3";"2,6301";"1,0000";"1,6301";"21,726526483386547";"0,0003714618474228233";"0,009987066414465296";"3,2601"
"18";"4";"13,4275";"6,8676";"6,5599";"1286,3854402376098";"0,0011751445130366398";"0,0570709985503526";"24,1431"
"19";"1";"2,0000";"1,0000";"1,0000";"3,2072296754959293";"0,0003482644249902537";"0,00935842479491616";"2,0000"
"19";"2";"3,0000";"0,8448";"2,1552";"18,262671499135116";"0,0002819605530199535";"0,005342926890808755";"3,9310"
"19";"3";"2,6561";"1,0000";"1,6561";"25,55401060495989";"0,0003355514984110708";"0,009443164714664139";"3,2381"
"19";"4";"13,0729";"6,6985";"6,3744";"1418,5387931275295";"0,0010469758425173058";"0,05368204530190643";"23,2998"
"20";"1";"2,0000";"1,0000";"1,0000";"1,7297647038951383";"0,00032177060798293204";"0,009969371699971164";"2,1667"
"20";"2";"2,9333";"0,7733";"2,1600";"16,74535232403608";"0,00025095166734994843";"0,004240759766859187";"3,7200"
"20";"3";"2,7059";"1,0000";"1,7059";"37,63727401135301";"0,0003016183858104185";"0,00863105421896538";"3,3676"
"20";"4";"13,0939";"6,7317";"6,3621";"1574,7506946187154";"0,0009649413893450866";"0,0496489781117086";"23,3279"
"21";"1";"2,0000";"1,0000";"1,0000";"1,7404833029289548";"0,0002951561581410152";"0,009655846725721359";"2,1667"
"21";"2";"2,9886";"0,7500";"2,2386";"14,849033097635008";"0,00023224067284891188";"0,004108753694944301";"3,7955"
"21";"3";"2,7299";"1,0095";"1,7204";"36,32475745878177";"0,00028342940283711867";"0,008346368548988289";"3,4265"
"21";"4";"13,1337";"6,7667";"6,3670";"1664,9520887109368";"0,000920948017266906";"0,04761538472437596";"23,2859"
"22";"1";"1,7778";"0,7778";"1,0000";"1,2072226409483309";"0,000268539493882234";"0,00865057356892064";"1,8889"
"22";"2";"2,9293";"0,7374";"2,1919";"13,888449361628131";"0,0002195581368592284";"0,004012277840797458";"3,6970"
"22";"3";"2,8018";"1,0461";"1,7558";"36,62783626897115";"0,00027258798432805697";"0,00821933920343611";"3,5576"
"22";"4";"13,3153";"6,8606";"6,4547";"1748,9092530975136";"0,0008707745005695587";"0,04585875847710767";"23,6008"
"23";"1";"1,5833";"0,7500";"0,8333";"0,9338355362015406";"0,00023724437137622289";"0,006635314879355088";"1,6667"
"23";"2";"2,7851";"0,7107";"2,0744";"20,456309582415404";"0,00021605990425756404";"0,0037910396314791927";"3,4793"
"23";"3";"2,8253";"1,0349";"1,7904";"44,000349520566786";"0,0002534143323650042";"0,007710310015214502";"3,5721"
"23";"4";"13,3177";"6,8742";"6,4435";"1919,4783995856174";"0,0008204161566475631";"0,04322042833224554";"23,6175"
"24";"1";"1,5833";"0,7500";"0,8333";"0,9428697641138615";"0,00022442314219321";"0,006638562569980911";"1,6667"
"24";"2";"2,8209";"0,7164";"2,1045";"19,859508330099402";"0,00020378711528357474";"0,003776057669374252";"3,5299"
"24";"3";"2,8730";"1,0451";"1,8279";"42,85515079546618";"0,0002453206338364829";"0,007524922983742194";"3,5943"
"24";"4";"13,3478";"6,9013";"6,4465";"2043,0948912785827";"0,0007687734755134179";"0,04225294212135486";"23,7016"
"25";"1";"1,7273";"0,8182";"0,9091";"0,7553005101294424";"0,00020005960779539031";"0,004519700038491151";"1,8182"
"25";"2";"2,8378";"0,7365";"2,1014";"20,047833299561724";"0,0001944889860466835";"0,00423927068319984";"3,5878"
"25";"3";"2,8717";"1,0679";"1,8038";"61,84512260747922";"0,00023068337213262165";"0,007391060623803619";"3,6491"
"25";"4";"13,3247";"6,8880";"6,4367";"2262,8623829971257";"0,0007173118275099928";"0,04067237547795085";"23,7149"
"26";"1";"1,9630";"0,8519";"1,1111";"2,075150774573874";"0,00018591271131335267";"0,004595550900502483";"2,1111"
"26";"2";"2,7576";"0,7152";"2,0424";"20,211241335407184";"0,00017991805351390245";"0,003957414003256982";"3,4606"
"26";"3";"2,9140";"1,0824";"1,8315";"75,93336654224035";"0,00021719724299904623";"0,007096161599759375";"3,6595"
"26";"4";"13,4546";"6,9594";"6,4952";"2449,6549699503294";"0,0006733211094337295";"0,03880231986846426";"24,0032"
"27";"1";"2,0323";"0,8387";"1,1935";"2,9828082852567848";"0,00017321245845391603";"0,00418144717696612";"2,2258"
"27";"2";"2,7539";"0,6963";"2,0576";"22,010249911009133";"0,00016887763819866867";"0,0037736881356870058";"3,4974"
"27";"3";"3,0033";"1,0870";"1,9164";"74,24701241545203";"0,00020393161787028518";"0,006970413354253246";"3,7860"
"27";"4";"13,6133";"7,0714";"6,5418";"2681,4262433652393";"0,000642450491548514";"0,037760006619121135";"24,4276"
"28";"1";"2,0857";"0,8857";"1,2000";"3,0142547031860882";"0,00016426084999957778";"0,003962681507839393";"2,3714"
"28";"2";"2,8000";"0,7333";"2,0667";"34,79948378051001";"0,0001649076563127866";"0,003997292283251611";"3,6048"
"28";"3";"3,0823";"1,0918";"1,9905";"76,72025813484157";"0,0001941790233014439";"0,00687741726780059";"3,8797"
"28";"4";"13,7967";"7,1807";"6,6159";"2845,4990254625427";"0,0006184014710614098";"0,036772560296829994";"25,0354"
"29";"1";"2,0513";"0,8718";"1,1795";"3,1603899356263825";"0,0001530132670906344";"0,0037190739046171774";"2,3077"
"29";"2";"2,7448";"0,6862";"2,0586";"32,67860997019034";"0,0001518890321241268";"0,003536960419066858";"3,4979"
"29";"3";"3,1176";"1,0971";"2,0206";"76,39593160112761";"0,00018326583467683004";"0,006654408015629225";"3,9559"
"29";"4";"13,9205";"7,2699";"6,6506";"3041,141988887548";"0,0005940958496372123";"0,0360965200689334";"25,5919"
"30";"1";"2,0732";"0,9024";"1,1707";"4,261718586057226";"0,00015085531785359564";"0,004946923203395657";"2,3171"
"30";"2";"2,7558";"0,6899";"2,0659";"36,43924349762334";"0,00014402706164327303";"0,0034197623673483278";"3,5620"
"30";"3";"3,1198";"1,0919";"2,0279";"84,36387376929171";"0,000175080407045623";"0,006378703869263603";"3,9526"
"30";"4";"14,0328";"7,3364";"6,6964";"3213,2701130650926";"0,0005720313406598187";"0,03538142980007277";"26,0520"
"31";"1";"2,1163";"0,9070";"1,2093";"4,2249796886257105";"0,00014275937475075555";"0,004715454447854114";"2,3488"
"31";"2";"2,7829";"0,6868";"2,0961";"35,64370641151077";"0,00013781726901098277";"0,003317812284133957";"3,5836"
"31";"3";"3,1963";"1,1099";"2,0864";"117,65342263163195";"0,00016756379778212145";"0,006253814610290402";"4,0471"
"31";"4";"14,0738";"7,3805";"6,6933";"3439,9585561744034";"0,00054908982404361";"0,03493326983657254";"26,3146"
"32";"1";"2,2292";"0,8958";"1,3333";"4,880158509267545";"0,00013725970760965428";"0,005005907197497729";"2,4375"
"32";"2";"2,7788";"0,7009";"2,0779";"44,924458407155";"0,00013023391465921683";"0,0031817981017154768";"3,5358"
"32";"3";"3,2543";"1,1383";"2,1160";"134,36578105393855";"0,00015876938380205948";"0,006110069412504992";"4,1086"
"32";"4";"14,1468";"7,4337";"6,7131";"3730,3094462382687";"0,0005209800327709091";"0,03368256893135554";"26,6997"
"33";"1";"2,2449";"0,8980";"1,3469";"4,30472160558851";"0,00013164964347594398";"0,004845216042734111";"2,4490"
"33";"2";"2,7771";"0,6943";"2,0829";"49,99688582151483";"0,0001243978711620281";"0,003332017961750588";"3,5029"
"33";"3";"3,2834";"1,1569";"2,1265";"159,59593436087303";"0,00015204218809069088";"0,005932230339994686";"4,1499"
"33";"4";"14,1134";"7,4249";"6,6885";"3998,4015132841064";"0,0004980054584869001";"0,03254429488889959";"26,8450"
"34";"1";"2,2500";"0,9038";"1,3462";"4,87658828468768";"0,00012375276224088502";"0,004896882282870956";"2,4423"
"34";"2";"2,7552";"0,6875";"2,0677";"49,301583612812955";"0,00011706925677951956";"0,003286330563894751";"3,4375"
"34";"3";"3,2811";"1,1609";"2,1202";"201,85613080708134";"0,00014446336266538012";"0,006012101331431268";"4,1567"
"34";"4";"13,9910";"7,3692";"6,6218";"4278,3450316485605";"0,00046292097565164825";"0,03127936417077066";"26,6667"
"35";"1";"2,1695";"0,8983";"1,2712";"5,170204130904485";"0,0001156938180162487";"0,004582567727022076";"2,3390"
"35";"2";"2,8148";"0,6988";"2,1160";"58,13645998719979";"0,0001118094062859314";"0,003337869744358907";"3,5333"
"35";"3";"3,2821";"1,1809";"2,1012";"197,89158902400592";"0,00013896934820426644";"0,00607889803058288";"4,1576"
"35";"4";"14,0692";"7,4158";"6,6534";"4577,780609773983";"0,00043880939537728556";"0,03027264001837451";"26,8773"
"36";"1";"2,2419";"0,9194";"1,3226";"5,29037829755149";"0,00010871391027367862";"0,0043435103363898804";"2,4032"
"36";"2";"2,8245";"0,6975";"2,1270";"60,008931018253556";"0,00010533415725095658";"0,003214929523166364";"3,6005"
"36";"3";"3,3309";"1,1803";"2,1506";"223,90711174784855";"0,0001323060153775903";"0,005941879752118949";"4,2175"
"36";"4";"14,1592";"7,4762";"6,6830";"4841,453131492727";"0,0004184554918992809";"0,029511312880921625";"27,0048"
"37";"1";"2,2090";"0,8955";"1,3134";"5,586589219956614";"0,00010384731116511766";"0,004151188098709858";"2,3731"
"37";"2";"2,8262";"0,6974";"2,1288";"52,933385680878125";"0,00010120701575792708";"0,0032356627689762185";"3,6266"
"37";"3";"3,2949";"1,1745";"2,1204";"222,00556650857922";"0,00012837986012697678";"0,005991048181077431";"4,1745"
"37";"4";"14,3408";"7,5765";"6,7643";"5193,496094015469";"0,00040431242597024106";"0,02949906873001581";"27,3940"
"38";"1";"2,1549";"0,8732";"1,2817";"5,372419753322971";"0,00009564999627210708";"0,0038644534300156623";"2,3099"
"38";"2";"2,8433";"0,6944";"2,1488";"52,092279883078355";"0,00009436175140068672";"0,0031668502531103965";"3,6230"
"38";"3";"3,3186";"1,1830";"2,1356";"229,04100567202528";"0,00012037784189644194";"0,005929508508241446";"4,2271"
"38";"4";"14,4429";"7,6428";"6,8001";"5691,190654867594";"0,00037887451800611426";"0,028827020130097827";"27,4115"
"39";"1";"2,1139";"0,8861";"1,2278";"5,490484928751035";"0,00009012864551311345";"0,0036301762576347193";"2,2658"
"39";"2";"2,8367";"0,6865";"2,1503";"51,61869803974256";"0,00008846604953247207";"0,003087595573156685";"3,6623"
"39";"3";"3,2851";"1,1891";"2,0960";"221,30266383339372";"0,00011418635091635428";"0,005871993909890257";"4,1934"
"39";"4";"14,4583";"7,6521";"6,8062";"6094,795980205188";"0,00035737567246534486";"0,028039586881221278";"27,4548"
"40";"1";"2,1481";"0,8765";"1,2716";"5,491663677837606";"0,00008580672868102483";"0,003604970052858638";"2,3086"
"40";"2";"2,8531";"0,6836";"2,1696";"55,30397401798675";"0,00008358345603575835";"0,002987064624666068";"3,6766"
"40";"3";"3,2972";"1,2008";"2,0964";"224,2078237562893";"0,00010925255359351671";"0,00586719895506284";"4,1968"
"40";"4";"14,5022";"7,6844";"6,8179";"6476,057015507187";"0,0003418712007443352";"0,027486346064773914";"27,5413"
"41";"1";"2,1628";"0,8721";"1,2907";"6,474582616082076";"0,00008068428006232702";"0,0034121211330659165";"2,3256"
"41";"2";"2,9155";"0,6954";"2,2201";"54,86022484656741";"0,00008054169294480465";"0,0030645560676950995";"3,8022"
"41";"3";"3,3095";"1,2033";"2,1061";"245,75945426590516";"0,00010379057577001932";"0,005938839787057446";"4,2315"
"41";"4";"14,6914";"7,8029";"6,8885";"7003,761944900526";"0,0003278448045027";"0,027651542182730526";"28,0059"
"42";"1";"2,1444";"0,8778";"1,2667";"6,348473066189657";"0,00007821005841042472";"0,0033423061931450097";"2,3222"
"42";"2";"2,9621";"0,6950";"2,2671";"69,82228235558067";"0,00007756878100697998";"0,0031054668428164016";"3,8634"
"42";"3";"3,3537";"1,2098";"2,1439";"248,91191262924616";"0,00009963759991020385";"0,005860598996808517";"4,2927"
"42";"4";"14,9357";"7,9482";"6,9874";"7340,120808052163";"0,00031791464252329746";"0,027449190739753167";"28,6951"
"43";"1";"2,1563";"0,8750";"1,2813";"6,4560554085273205";"0,00007399223752785198";"0,003247268673865714";"2,3229"
"43";"2";"2,9943";"0,6999";"2,2945";"73,71235568690642";"0,00007361678351706353";"0,003087975867716885";"3,8962"
"43";"3";"3,3991";"1,2179";"2,1812";"257,80218366298976";"0,00009498787156697262";"0,0058739488891079075";"4,3681"
"43";"4";"15,1584";"8,0838";"7,0747";"7715,0867449438665";"0,0003060969199035469";"0,027738791384551324";"29,3557"
"44";"1";"2,1068";"0,8738";"1,2330";"7,042199353149354";"0,00006949056808982471";"0,002902299775175736";"2,2621"
"44";"2";"3,0360";"0,6956";"2,3405";"83,06180947678864";"0,00006921790203610844";"0,002878276935647462";"3,9346"
"44";"3";"3,5000";"1,2141";"2,2859";"273,9924275301254";"0,00009000716195457235";"0,005570223153598673";"4,5385"
"44";"4";"15,2745";"8,1877";"7,0868";"8141,5695590957275";"0,0002922252027353302";"0,02665628524236099";"29,6057"
"45";"1";"2,1182";"0,8545";"1,2636";"7,618528060918381";"0,00006653624280362981";"0,0026852518118119406";"2,2727"
"45";"2";"3,0713";"0,6971";"2,3742";"78,1959621250534";"0,00006588965671863084";"0,0026249615437471613";"4,0013"
"45";"3";"3,5535";"1,2212";"2,3323";"284,0743859848879";"0,0000865870597464324";"0,005368993375318758";"4,6379"
"45";"4";"15,4986";"8,3296";"7,1690";"8568,967554142224";"0,0002831173692350038";"0,025151567161653544";"30,1897"
"46";"1";"2,1140";"0,8509";"1,2632";"38,11301784027262";"0,00006344694801737797";"0,0025219126633404323";"2,2632"
"46";"2";"3,1056";"0,6975";"2,4082";"89,49794670581535";"0,0000628859707240848";"0,002538279412994499";"4,0492"
"46";"3";"3,6486";"1,2270";"2,4215";"308,686823409912";"0,00008251174269878425";"0,005171546687969786";"4,7887"
"46";"4";"15,7451";"8,4829";"7,2622";"8930,797257280852";"0,00027443898172600057";"0,024664710154950933";"30,6718"
"47";"1";"2,0992";"0,8430";"1,2562";"37,812294051487584";"0,000060617445793211644";"0,002357071005864062";"2,2397"
"47";"2";"3,1121";"0,6957";"2,4165";"93,68493717136411";"0,00006069868186559078";"0,0024046084378858356";"4,0458"
"47";"3";"3,7050";"1,2407";"2,4643";"340,7102589763171";"0,00007951990595448753";"0,004966043244167041";"4,9115"
"47";"4";"15,8895";"8,5722";"7,3173";"9368,585768956214";"0,0002668785724672472";"0,02376508113741714";"31,0583"
"48";"1";"2,0620";"0,8527";"1,2093";"36,640285832137245";"0,00005812703433654498";"0,002207499794653377";"2,1938"
"48";"2";"3,1287";"0,6920";"2,4367";"95,87098255299419";"0,000058339494487961874";"0,0022045773349991895";"4,0550"
"48";"3";"3,7361";"1,2522";"2,4838";"346,46634582578116";"0,00007687277911749928";"0,004707607371516229";"4,9811"
"48";"4";"16,1984";"8,7441";"7,4543";"9758,272293146014";"0,00025962111770837107";"0,022297287925508887";"31,7999"
"49";"1";"2,0809";"0,8824";"1,1985";"36,1784973723539";"0,0000561250741236728";"0,0021682165277625127";"2,2279"
"49";"2";"3,1582";"0,6868";"2,4714";"101,44214218545551";"0,00005589144507350969";"0,0020796771638138625";"4,1249"
"49";"3";"3,7585";"1,2526";"2,5060";"345,97122988861616";"0,00007427832015627233";"0,0046526653400285395";"5,0604"
"49";"4";"16,3973";"8,8745";"7,5228";"10224,697891831063";"0,00025182505590609443";"0,02172811076933519";"32,3128"
"50";"1";"2,0643";"0,8857";"1,1786";"36,24843255858518";"0,00005518809110600827";"0,0021030133033696336";"2,2071"
"50";"2";"3,1604";"0,6902";"2,4701";"99,90129866055284";"0,0000543438863360276";"0,002021293582496204";"4,1285"
"50";"3";"3,7272";"1,2531";"2,4741";"355,8736362631782";"0,00007238483172312645";"0,004577805974165831";"5,0288"
"50";"4";"16,4714";"8,9090";"7,5624";"10594,165827002977";"0,00024431560349793765";"0,021169292996001444";"32,4738"
"51";"1";"2,0641";"0,8910";"1,1731";"81,53845106451331";"0,00005332199327571308";"0,001983063050060194";"2,2692"
"51";"2";"3,1673";"0,6911";"2,4762";"103,29209138996488";"0,00005256847441589408";"0,0019213923640779276";"4,1369"
"51";"3";"3,7466";"1,2589";"2,4877";"382,45350990567886";"0,00007008819508898491";"0,00444407042186655";"5,0802"
"51";"4";"16,5731";"8,9735";"7,5996";"11047,199505948684";"0,00023737424137768888";"0,020316325389151572";"32,6543"
"52";"1";"2,0694";"0,8960";"1,1734";"76,68915835933824";"0,00005238162312139154";"0,002098644803485228";"2,2948"
"52";"2";"3,1372";"0,6823";"2,4549";"107,65623533578393";"0,00005090981517155144";"0,0018508126047811573";"4,0885"
"52";"3";"3,7517";"1,2589";"2,4928";"388,20521589397174";"0,00006805587782449423";"0,004453324960560026";"5,0739"
"52";"4";"16,6614";"9,0410";"7,6204";"11609,100534522291";"0,00023074242758808206";"0,019906451321537077";"32,8108"
"53";"1";"2,0541";"0,8973";"1,1568";"100,72517751009106";"0,00005015807475367298";"0,002026357095766132";"2,2649"
"53";"2";"3,1346";"0,6788";"2,4558";"120,37561462887791";"0,000048925236952038045";"0,001806480202133777";"4,0826"
"53";"3";"3,8072";"1,2789";"2,5283";"437,8098245521714";"0,00006599514555343444";"0,004418377895380767";"5,1795"
"53";"4";"16,7124";"9,0861";"7,6262";"12339,791543550065";"0,00022233981210814739";"0,019369352309148106";"32,8599"
"54";"1";"2,0363";"0,8964";"1,1399";"99,43718064301866";"0,000048533939340168946";"0,001936898519043405";"2,2383"
"54";"2";"3,1343";"0,6795";"2,4548";"136,21820934630475";"0,00004755884226129711";"0,0017588085060891503";"4,0738"
"54";"3";"3,8179";"1,2810";"2,5369";"449,6823791680447";"0,00006420839853620972";"0,00437566333373493";"5,1857"
"54";"4";"16,7728";"9,1301";"7,6427";"12734,58150410355";"0,00021708702853324104";"0,019022815127810924";"32,9571"
"55";"1";"2,0194";"0,8932";"1,1262";"97,31558694161383";"0,00004734052278119975";"0,0018991582995748061";"2,2184"
"55";"2";"3,1327";"0,6732";"2,4594";"142,2486826684968";"0,00004618529519489433";"0,0017765232331390477";"4,0751"
"55";"3";"3,8355";"1,2871";"2,5484";"490,79240148059824";"0,00006256334008702636";"0,004299692590633097";"5,2314"
"55";"4";"16,9036";"9,2097";"7,6939";"13166,447439037998";"0,00021245213796516215";"0,018697805427562962";"33,3140"
"56";"1";"2,0507";"0,8940";"1,1567";"96,2565620035961";"0,000046151338868570234";"0,0018385610283654492";"2,2488"
"56";"2";"3,1310";"0,6754";"2,4556";"137,42818923586694";"0,000044710852490065976";"0,00174187451177123";"4,0830"
"56";"3";"3,8268";"1,2856";"2,5411";"491,2265634189998";"0,00006083353063420158";"0,004254343340227766";"5,2107"
"56";"4";"16,9863";"9,2629";"7,7234";"13662,48797248636";"0,00020687198442406217";"0,018250553624315873";"33,4538"
"57";"1";"2,0705";"0,8943";"1,1762";"74,5495504692316";"0,000044773305770963474";"0,0018098434897952048";"2,2687"
"57";"2";"3,1286";"0,6709";"2,4577";"135,28663725260168";"0,000043251001566336636";"0,0016510157188145132";"4,0671"
"57";"3";"3,8444";"1,2907";"2,5537";"537,9065824719639";"0,0000589802776035941";"0,004132493307278379";"5,2521"
"57";"4";"17,1154";"9,3477";"7,7677";"14281,53423101002";"0,0002023891876767832";"0,017774097960618667";"33,6506"
"58";"1";"2,0502";"0,8787";"1,1715";"72,38340190969826";"0,000043374208911845914";"0,0017078425321946744";"2,2510"
"58";"2";"3,1188";"0,6694";"2,4494";"137,50240755801613";"0,00004205279548669976";"0,001616868433911526";"4,0594"
"58";"3";"3,8641";"1,3030";"2,5611";"546,0988340351497";"0,00005758224375520158";"0,004062214825942742";"5,2731"
"58";"4";"17,2505";"9,4252";"7,8253";"14778,423246157825";"0,00019781541651202108";"0,01758986527104403";"33,9201"
"59";"1";"2,0913";"0,8770";"1,2143";"87,1604913757874";"0,00004242237318918747";"0,0016150862215990448";"2,3175"
"59";"2";"3,1220";"0,6693";"2,4527";"152,88899630146415";"0,000041119552585139705";"0,0016146635476535442";"4,0809"
"59";"3";"3,9024";"1,3153";"2,5870";"567,6564473066378";"0,00005645882939184409";"0,004008658287886077";"5,3299"
"59";"4";"17,3770";"9,5092";"7,8678";"15274,091233133404";"0,00019430865746497726";"0,017202218265095506";"34,1412"
"60";"1";"2,1328";"0,8708";"1,2620";"78,67482159503594";"0,00004088599867662429";"0,001571596551108644";"2,4096"
"60";"2";"3,1432";"0,6740";"2,4692";"170,81085704125542";"0,00003997956512740378";"0,0015842170643189778";"4,0967"
"60";"3";"3,9284";"1,3256";"2,6029";"594,234431925357";"0,00005507046401548417";"0,003930576019851516";"5,3936"
"60";"4";"17,4275";"9,5489";"7,8786";"15775,154758455765";"0,0001898931971563007";"0,01683439190016276";"34,2656"
"61";"1";"2,1399";"0,8566";"1,2832";"74,67893337749108";"0,00003962777985864745";"0,0015216755797537256";"2,4371"
"61";"2";"3,1423";"0,6768";"2,4655";"179,13873404351054";"0,000039111608234002706";"0,00157828374722715";"4,0950"
"61";"3";"3,9843";"1,3426";"2,6417";"638,611690879282";"0,00005391477453302351";"0,0038524101475731136";"5,4927"
"61";"4";"17,4783";"9,5942";"7,8841";"16263,088933910682";"0,00018613742345774232";"0,016432814329035508";"34,2911"
"62";"1";"2,1531";"0,8707";"1,2823";"108,53632254781314";"0,000039189179632716945";"0,001511131718752931";"2,4660"
"62";"2";"3,1675";"0,6853";"2,4823";"185,208778036724";"0,00003830996463783104";"0,0015826521442737346";"4,1408"
"62";"3";"4,0164";"1,3550";"2,6614";"669,9346973261939";"0,00005263659961511072";"0,0038465334770781154";"5,5609"
"62";"4";"17,6471";"9,6994";"7,9477";"16812,26827776279";"0,00018234965429577568";"0,01635007039709591";"34,6059"
"63";"1";"2,1694";"0,8795";"1,2899";"109,97063159822235";"0,000038435220850326634";"0,0015436662913511758";"2,4886"
"63";"2";"3,1818";"0,6863";"2,4955";"188,38031652839604";"0,00003754530933763436";"0,0015661224494405053";"4,1785"
"63";"3";"4,0402";"1,3652";"2,6749";"697,5363618155892";"0,00005158655000118264";"0,0037659578324867418";"5,5996"
"63";"4";"17,7842";"9,7870";"7,9972";"17371,281132499997";"0,00017919246573442992";"0,016147132388125904";"34,8932"
"64";"1";"2,1813";"0,8844";"1,2969";"109,6406325782588";"0,00003760925934275099";"0,0015024984934162064";"2,5063"
"64";"2";"3,1938";"0,6930";"2,5008";"202,94062753550722";"0,000036664007574279555";"0,0015500860227635872";"4,2009"
"64";"3";"4,0667";"1,3749";"2,6918";"706,7729553053877";"0,00005059366070475287";"0,0037769032290260285";"5,6245"
"64";"4";"17,8002";"9,8057";"7,9945";"17911,62507178825";"0,00017508585094751743";"0,015908865624940573";"34,8742"
"65";"1";"2,1520";"0,8801";"1,2719";"134,26237835802058";"0,000036643323036322845";"0,0014907242504693743";"2,4766"
"65";"2";"3,1922";"0,6898";"2,5023";"209,35491619390552";"0,00003572868860943204";"0,0015242643800859122";"4,1875"
"65";"3";"4,0759";"1,3748";"2,7011";"716,9572353484032";"0,00004934735600789112";"0,0037345233051264983";"5,6436"
"65";"4";"17,8673";"9,8544";"8,0129";"18381,78060368061";"0,00017194138190729677";"0,01580997000832764";"34,9597"
"66";"1";"2,1468";"0,8837";"1,2632";"131,52631254608";"0,00003590638823497557";"0,001432159640927273";"2,4626"
"66";"2";"3,2067";"0,6907";"2,5161";"206,28234159184527";"0,000035179866813203846";"0,0015292643334549692";"4,2185"
"66";"3";"4,1192";"1,3808";"2,7384";"728,0800001207567";"0,00004840752866914521";"0,0036871400618649812";"5,7580"
"66";"4";"18,0358";"9,9639";"8,0719";"18833,825485761554";"0,0001702324156732219";"0,015675795890776296";"35,2979"
"67";"1";"2,1257";"0,8796";"1,2461";"128,73764557858732";"0,00003494464084970292";"0,0014347646191940726";"2,4241"
"67";"2";"3,2072";"0,6896";"2,5176";"210,9269583182607";"0,000034500995276462914";"0,0015315048766369184";"4,2181"
"67";"3";"4,1353";"1,3890";"2,7464";"782,3480752422435";"0,00004712098740973624";"0,0036489162878430834";"5,7935"
"67";"4";"18,1205";"10,0179";"8,1026";"19487,98128204951";"0,00016692547897915872";"0,01552907989656559";"35,4660"
"68";"1";"2,1456";"0,8762";"1,2694";"123,23639879243674";"0,00003391471335308682";"0,0013972898787943885";"2,4417"
"68";"2";"3,2067";"0,6895";"2,5171";"221,72892867503438";"0,00003374089913806335";"0,0014972320318029757";"4,2171"
"68";"3";"4,1575";"1,3959";"2,7616";"831,8342277519753";"0,000045900739519875286";"0,0036218059215369614";"5,8323"
"68";"4";"18,2506";"10,1058";"8,1448";"20253,39845800482";"0,0001636373119755807";"0,015425257415930265";"35,7157"
"69";"1";"2,1533";"0,8774";"1,2759";"131,02015988942856";"0,000033210567144601866";"0,0013892135583058744";"2,4505"
"69";"2";"3,1887";"0,6835";"2,5053";"226,42943400023307";"0,0000325860109518047";"0,0014516407342791099";"4,1929"
"69";"3";"4,1903";"1,4039";"2,7864";"852,8304361157092";"0,00004485806283505438";"0,0036358979185573243";"5,9131"
"69";"4";"18,3868";"10,1921";"8,1947";"20805,29153052873";"0,00016038275189834015";"0,01543167732950846";"36,0739"
"70";"1";"2,1629";"0,8839";"1,2790";"139,13789232592663";"0,0000323484887289654";"0,00137339327511108";"2,4531"
"70";"2";"3,1900";"0,6796";"2,5104";"224,43902463982224";"0,0000314985168151725";"0,001423134615350153";"4,1909"
"70";"3";"4,2018";"1,4064";"2,7954";"849,7739073984113";"0,00004353002793323979";"0,0036221537135446296";"5,9353"
"70";"4";"18,5807";"10,3115";"8,2691";"21788,65548357504";"0,00015699693812153842";"0,015473567805114536";"36,5346"
"71";"1";"2,1521";"0,8763";"1,2759";"130,58014047843673";"0,00003106556989427878";"0,0013002516543643477";"2,4686"
"71";"2";"3,1831";"0,6738";"2,5093";"222,97886351443697";"0,00003047887380793946";"0,0013899383025022046";"4,1819"
"71";"3";"4,2417";"1,4081";"2,8336";"897,1025680865398";"0,0000423565475762603";"0,003591197091396271";"6,0266"
"71";"4";"18,8096";"10,4688";"8,3408";"22761,581748741788";"0,00015477195754621563";"0,01553223125872369";"36,9797"
"72";"1";"2,1673";"0,8473";"1,3200";"119,63707711475375";"0,000030063084432738223";"0,0012243610438923116";"2,5236"
"72";"2";"3,1766";"0,6740";"2,5027";"230,65784845001627";"0,000029925845094267486";"0,0013893527172364362";"4,1700"
"72";"3";"4,2727";"1,4205";"2,8523";"956,7939709579687";"0,000041840128156929993";"0,0036392541788778333";"6,1027"
"72";"4";"18,8866";"10,5269";"8,3596";"23402,42084745388";"0,0001531749444322403";"0,015578655843893447";"37,1787"
